,r_V,p_value_V,r_A,p_value_A,r_D,p_value_D,r_mean
FastTextLinearRegression2000,0.49309600000000003,0.0,0.37876799999999994,0.000968,0.229132,0.041308000000000004,0.36700000000000005
FastTextLinearRegression3000,0.5185,0.0,0.419766,4.8e-05,0.24122600000000002,0.020514000000000004,0.39317799999999997
FastTextLinearRegression4000,0.5289780000000001,0.0,0.42716399999999993,2.2000000000000003e-05,0.23947199999999996,0.019338,0.39853799999999995
FastTextLinearRegression5000,0.5310159999999999,0.0,0.446728,0.0,0.24216800000000002,0.018557999999999998,0.40663400000000005
FastTextLinearRegression6000,0.53571,0.0,0.44961,0.0,0.241172,0.016878,0.408826
FastTextLinearRegression7000,0.5379419999999999,0.0,0.456094,0.0,0.24556999999999998,0.014540000000000003,0.4131980000000002
FastTextLinearRegression8000,0.5378839999999999,0.0,0.463508,0.0,0.246456,0.013592,0.41595600000000005
