,r_V,p_value_V,r_A,p_value_A,r_D,p_value_D,r_mean
FastTextkNN2000,0.43311999999999995,0.000208,0.318086,0.008218000000000001,0.168552,0.166494,0.30659000000000003
FastTextkNN3000,0.448616,4e-05,0.351348,0.002086,0.19131599999999999,0.09867200000000001,0.330424
FastTextkNN4000,0.46701,4e-06,0.362154,0.0009759999999999999,0.20800199999999996,0.058976,0.34573
FastTextkNN5000,0.495046,0.0,0.3914579999999999,0.00014599999999999997,0.238648,0.027396000000000004,0.37504400000000004
FastTextkNN6000,0.49089800000000006,0.0,0.41985,2.2000000000000003e-05,0.26094,0.015552,0.3905599999999999
FastTextkNN7000,0.48506,0.0,0.43494999999999995,6e-06,0.265996,0.009784,0.395336
FastTextkNN8000,0.483036,0.0,0.44027799999999995,0.0,0.251774,0.01252,0.39169800000000005
